id,title,description,category,price,discount,rating,stock,tags,brand,minimumOrderQuantity,dimensions_width,dimensions_height,dimensions_depth,dt_creation,dt_update
1,Essence Mascara Lash Princess,The Essence Mascara Lash Princess is a popular mascara known for its volumizing and lengthening effects. Achieve dramatic lashes with this long-lasting and cruelty-free formula.,beauty,9.99,10.48,2.56,99,"['beauty', 'mascara']",Essence,48,15.14,13.08,22.99,20251009,20260523
2,Eyeshadow Palette with Mirror,"The Eyeshadow Palette with Mirror offers a versatile range of eyeshadow shades for creating stunning eye looks. With a built-in mirror, it's convenient for on-the-go makeup application.",beauty,19.99,18.19,2.86,34,"['beauty', 'eyeshadow']",Glamour Beauty,20,9.26,22.47,27.67,20241203,20250824
3,Powder Canister,"The Powder Canister is a finely milled setting powder designed to set makeup and control shine. With a lightweight and translucent formula, it provides a smooth and matte finish.",beauty,14.99,9.84,4.64,89,"['beauty', 'face powder']",Velvet Touch,22,29.27,27.93,20.59,20250108,20251126
4,Red Lipstick,"The Red Lipstick is a classic and bold choice for adding a pop of color to your lips. With a creamy and pigmented formula, it provides a vibrant and long-lasting finish.",beauty,12.99,12.16,4.36,91,"['beauty', 'lipstick']",Chic Cosmetics,40,18.11,28.38,22.17,20251122,20260126
5,Red Nail Polish,"The Red Nail Polish offers a rich and glossy red hue for vibrant and polished nails. With a quick-drying formula, it provides a salon-quality finish at home.",beauty,8.99,11.44,4.32,79,"['beauty', 'nail polish']",Nail Couture,22,21.63,16.48,29.84,20251003,20260424
6,Calvin Klein CK One,"CK One by Calvin Klein is a classic unisex fragrance, known for its fresh and clean scent. It's a versatile fragrance suitable for everyday wear.",fragrances,49.99,1.89,4.37,29,"['fragrances', 'perfumes']",Calvin Klein,9,29.36,27.76,20.72,20250227,20251023
7,Chanel Coco Noir Eau De,"Coco Noir by Chanel is an elegant and mysterious fragrance, featuring notes of grapefruit, rose, and sandalwood. Perfect for evening occasions.",fragrances,129.99,16.51,4.26,58,"['fragrances', 'perfumes']",Chanel,1,24.5,25.7,25.98,20250413,20251223
8,Dior J'adore,"J'adore by Dior is a luxurious and floral fragrance, known for its blend of ylang-ylang, rose, and jasmine. It embodies femininity and sophistication.",fragrances,89.99,14.72,3.8,98,"['fragrances', 'perfumes']",Dior,10,27.67,28.28,11.83,20251122,20260511
9,Dolce Shine Eau de,"Dolce Shine by Dolce & Gabbana is a vibrant and fruity fragrance, featuring notes of mango, jasmine, and blonde woods. It's a joyful and youthful scent.",fragrances,69.99,0.62,3.96,4,"['fragrances', 'perfumes']",Dolce & Gabbana,2,27.28,29.88,18.3,20241119,20250201
10,Gucci Bloom Eau de,"Gucci Bloom by Gucci is a floral and captivating fragrance, with notes of tuberose, jasmine, and Rangoon creeper. It's a modern and romantic scent.",fragrances,79.99,14.39,2.74,91,"['fragrances', 'perfumes']",Gucci,2,20.92,21.68,11.2,20260719,20260727
11,Annibale Colombo Bed,"The Annibale Colombo Bed is a luxurious and elegant bed frame, crafted with high-quality materials for a comfortable and stylish bedroom.",furniture,1899.99,8.57,4.77,88,"['furniture', 'beds']",Annibale Colombo,1,28.16,25.36,17.28,20260531,20260602
12,Annibale Colombo Sofa,"The Annibale Colombo Sofa is a sophisticated and comfortable seating option, featuring exquisite design and premium upholstery for your living room.",furniture,2499.99,14.4,3.92,60,"['furniture', 'sofas']",Annibale Colombo,1,12.75,20.55,19.06,20241015,20250526
13,Bedside Table African Cherry,"The Bedside Table in African Cherry is a stylish and functional addition to your bedroom, providing convenient storage space and a touch of elegance.",furniture,299.99,19.09,2.87,64,"['furniture', 'bedside tables']",Furniture Co.,3,13.47,24.99,27.35,20250102,20251103
14,Knoll Saarinen Executive Conference Chair,"The Knoll Saarinen Executive Conference Chair is a modern and ergonomic chair, perfect for your office or conference room with its timeless design.",furniture,499.99,2.01,4.88,26,"['furniture', 'office chairs']",Knoll,5,13.81,7.5,5.62,20250705,20250913
15,Wooden Bathroom Sink With Mirror,"The Wooden Bathroom Sink with Mirror is a unique and stylish addition to your bathroom, featuring a wooden sink countertop and a matching mirror.",furniture,799.99,8.8,3.59,7,"['furniture', 'bathroom']",Bath Trends,2,7.98,8.88,28.46,20241008,20260822
16,Apple,"Fresh and crisp apples, perfect for snacking or incorporating into various recipes.",groceries,1.99,12.62,4.19,8,['fruits'],,7,13.66,11.01,9.73,20260303,20260421
17,Beef Steak,"High-quality beef steak, great for grilling or cooking to your preferred level of doneness.",groceries,12.99,9.61,4.47,86,['meat'],,43,18.9,5.77,18.57,20241002,20251024
18,Cat Food,Nutritious cat food formulated to meet the dietary needs of your feline friend.,groceries,8.99,9.58,3.13,46,"['pet supplies', 'cat food']",,18,18.08,9.26,21.86,20250218,20260816
19,Chicken Meat,"Fresh and tender chicken meat, suitable for various culinary preparations.",groceries,9.99,13.7,3.19,97,['meat'],,22,11.03,22.11,16.01,20260215,20260315
20,Cooking Oil,"Versatile cooking oil suitable for frying, sautéing, and various culinary applications.",groceries,4.99,9.33,4.8,10,['cooking essentials'],,46,19.95,27.54,24.86,20250925,20251210
21,Cucumber,"Crisp and hydrating cucumbers, ideal for salads, snacks, or as a refreshing side.",groceries,1.49,0.16,4.07,84,['vegetables'],,2,12.8,28.38,21.34,20250112,20250307
22,Dog Food,Specially formulated dog food designed to provide essential nutrients for your canine companion.,groceries,10.99,10.27,4.55,71,"['pet supplies', 'dog food']",,43,16.93,27.15,9.29,20250710,20260515
23,Eggs,"Fresh eggs, a versatile ingredient for baking, cooking, or breakfast.",groceries,2.99,11.05,2.53,9,['dairy'],,32,11.42,7.44,16.95,20260206,20260820
24,Fish Steak,"Quality fish steak, suitable for grilling, baking, or pan-searing.",groceries,14.99,4.23,3.78,74,['seafood'],,50,14.95,26.31,11.27,20250524,20251205
25,Green Bell Pepper,"Fresh and vibrant green bell pepper, perfect for adding color and flavor to your dishes.",groceries,1.29,0.16,3.25,33,['vegetables'],,12,15.33,26.65,14.44,20241216,20250326
26,Green Chili Pepper,"Spicy green chili pepper, ideal for adding heat to your favorite recipes.",groceries,0.99,1.0,3.66,3,['vegetables'],,39,15.38,18.12,19.92,20250813,20260707
27,Honey Jar,"Pure and natural honey in a convenient jar, perfect for sweetening beverages or drizzling over food.",groceries,6.99,14.4,3.97,34,['condiments'],,47,9.28,21.72,17.74,20240924,20250110
28,Ice Cream,"Creamy and delicious ice cream, available in various flavors for a delightful treat.",groceries,5.49,8.69,3.39,27,['desserts'],,42,14.83,15.07,24.2,20251023,20251104
29,Juice,"Refreshing fruit juice, packed with vitamins and great for staying hydrated.",groceries,3.99,12.06,3.94,50,['beverages'],,25,18.56,21.46,28.02,20260401,20260704
30,Kiwi,"Nutrient-rich kiwi, perfect for snacking or adding a tropical twist to your dishes.",groceries,2.49,15.22,4.93,99,['fruits'],,30,19.4,18.67,17.13,20250827,20260721
